Feature,Importance
Item_MRP,0.4666433697951272
Outlet_Type,0.14364380855145728
Item_Type,0.11232873763208331
Item_Visibility,0.08348669626591754
Outlet_Identifier,0.06091552130774186
Item_Weight,0.05922139591834567
Outlet_Age,0.037789826391530175
Outlet_Location_Type,0.013300226515008673
Item_Fat_Content,0.011942334431978216
Outlet_Size,0.010728083190809989
